INSERT INTO Emp(eid, ename, age, salary) VALUES (0,'Terrell',21,50000000);
INSERT INTO Emp(eid, ename, age, salary) VALUES (1,'Anjelica',25,400000);
INSERT INTO Emp(eid, ename, age, salary) VALUES (2,'Renay',34,500000);
INSERT INTO Emp(eid, ename, age, salary) VALUES (3,'Madelaine',36,500000);
INSERT INTO Emp(eid, ename, age, salary) VALUES (4,'Gregg',21,50000);
INSERT INTO Emp(eid, ename, age, salary) VALUES (5,'Arlen',36,150000);
INSERT INTO Emp(eid, ename, age, salary) VALUES (6,'Filomena',22,400000);
INSERT INTO Emp(eid, ename, age, salary) VALUES (7,'Daphine',26,5000000);
INSERT INTO Emp(eid, ename, age, salary) VALUES (8,'Terrell',36,300000);
INSERT INTO Emp(eid, ename, age, salary) VALUES (9,'Daphine',37,750000);
INSERT INTO Emp(eid, ename, age, salary) VALUES (10,'Ardelia',38,4000000);
INSERT INTO Emp(eid, ename, age, salary) VALUES (11,'Terrell',36,250000);
INSERT INTO Emp(eid, ename, age, salary) VALUES (12,'Tennie',49,500000);
INSERT INTO Emp(eid, ename, age, salary) VALUES (13,'Torie',48,5000000);
INSERT INTO Emp(eid, ename, age, salary) VALUES (14,'Gerry',47,5000000);
INSERT INTO Emp(eid, ename, age, salary) VALUES (15,'Alice',32,100000);
INSERT INTO Emp(eid, ename, age, salary) VALUES (16,'Susanna',38,2500000);
INSERT INTO Emp(eid, ename, age, salary) VALUES (17,'Aracelis',33,2500000);
INSERT INTO Emp(eid, ename, age, salary) VALUES (18,'Amanda',37,150000);
INSERT INTO Emp(eid, ename, age, salary) VALUES (19,'Laci',23,150000);
INSERT INTO Emp(eid, ename, age, salary) VALUES (20,'Tennie',34,5000000);
INSERT INTO Emp(eid, ename, age, salary) VALUES (21,'Shemika',49,100000);
INSERT INTO Emp(eid, ename, age, salary) VALUES (22,'Stuart',24,250000);
INSERT INTO Emp(eid, ename, age, salary) VALUES (23,'Anjelica',32,400000);
INSERT INTO Emp(eid, ename, age, salary) VALUES (24,'Misty',49,250000);
INSERT INTO Emp(eid, ename, age, salary) VALUES (25,'Douglass',25,750000);
INSERT INTO Emp(eid, ename, age, salary) VALUES (26,'Ardelia',40,500000);
INSERT INTO Emp(eid, ename, age, salary) VALUES (27,'Amanda',23,250000);
INSERT INTO Emp(eid, ename, age, salary) VALUES (28,'Gregg',45,150000);
INSERT INTO Emp(eid, ename, age, salary) VALUES (29,'Amanda',40,750000);
INSERT INTO Emp(eid, ename, age, salary) VALUES (30,'Gilberto',48,300000);
INSERT INTO Emp(eid, ename, age, salary) VALUES (31,'Daphine',22,250000);
INSERT INTO Emp(eid, ename, age, salary) VALUES (32,'Franchesca',23,4000000);
INSERT INTO Emp(eid, ename, age, salary) VALUES (33,'Holley',38,50000);
INSERT INTO Emp(eid, ename, age, salary) VALUES (34,'Rozella',25,2500000);
INSERT INTO Emp(eid, ename, age, salary) VALUES (35,'Collette',25,250000);
INSERT INTO Emp(eid, ename, age, salary) VALUES (36,'Anjelica',28,50000);
INSERT INTO Emp(eid, ename, age, salary) VALUES (37,'Douglass',24,5000000);
INSERT INTO Emp(eid, ename, age, salary) VALUES (38,'Gilberto',28,50000);
INSERT INTO Emp(eid, ename, age, salary) VALUES (39,'Alice',21,4000000);
INSERT INTO Emp(eid, ename, age, salary) VALUES (40,'Tennie',41,4000000);
INSERT INTO Emp(eid, ename, age, salary) VALUES (41,'Aracelis',46,5000000);
INSERT INTO Emp(eid, ename, age, salary) VALUES (42,'Jona',41,100000);
INSERT INTO Emp(eid, ename, age, salary) VALUES (43,'Alice',42,100000);
INSERT INTO Emp(eid, ename, age, salary) VALUES (44,'Claire',32,300000);
INSERT INTO Emp(eid, ename, age, salary) VALUES (45,'Susanna',28,2500000);
INSERT INTO Emp(eid, ename, age, salary) VALUES (46,'Alice',26,2500000);
INSERT INTO Emp(eid, ename, age, salary) VALUES (47,'Franchesca',24,4000000);
INSERT INTO Emp(eid, ename, age, salary) VALUES (48,'Yael',37,150000);
INSERT INTO Emp(eid, ename, age, salary) VALUES (49,'Bryon',35,150000);
INSERT INTO Emp(eid, ename, age, salary) VALUES (50,'Nellie',44,2500000);
INSERT INTO Emp(eid, ename, age, salary) VALUES (51,'Bryon',39,2500000);
INSERT INTO Emp(eid, ename, age, salary) VALUES (52,'Belkis',32,300000);
INSERT INTO Emp(eid, ename, age, salary) VALUES (53,'Lucina',35,4000000);
INSERT INTO Emp(eid, ename, age, salary) VALUES (54,'Madelaine',48,4000000);
INSERT INTO Emp(eid, ename, age, salary) VALUES (55,'Alfonzo',40,250000);
INSERT INTO Emp(eid, ename, age, salary) VALUES (56,'Terrell',31,150000);
INSERT INTO Emp(eid, ename, age, salary) VALUES (57,'Gilberto',23,750000);
INSERT INTO Emp(eid, ename, age, salary) VALUES (58,'Brooke',35,2500000);
INSERT INTO Emp(eid, ename, age, salary) VALUES (59,'Stuart',24,50000);
INSERT INTO Emp(eid, ename, age, salary) VALUES (60,'Misty',24,500000);
INSERT INTO Emp(eid, ename, age, salary) VALUES (61,'Rozanne',36,150000);
INSERT INTO Emp(eid, ename, age, salary) VALUES (62,'Yahaira',37,500000);
INSERT INTO Emp(eid, ename, age, salary) VALUES (63,'Anjelica',40,100000);
INSERT INTO Emp(eid, ename, age, salary) VALUES (64,'Anjelica',25,100000);
INSERT INTO Emp(eid, ename, age, salary) VALUES (65,'Hae',36,750000);
INSERT INTO Emp(eid, ename, age, salary) VALUES (66,'Douglass',36,5000000);
INSERT INTO Emp(eid, ename, age, salary) VALUES (67,'Exie',40,50000);
INSERT INTO Emp(eid, ename, age, salary) VALUES (68,'Yael',24,4000000);
INSERT INTO Emp(eid, ename, age, salary) VALUES (69,'Lucina',47,5000000);
INSERT INTO Emp(eid, ename, age, salary) VALUES (70,'Hae',25,750000);
INSERT INTO Emp(eid, ename, age, salary) VALUES (71,'Collette',28,150000);
INSERT INTO Emp(eid, ename, age, salary) VALUES (72,'Gregg',21,500000);
INSERT INTO Emp(eid, ename, age, salary) VALUES (73,'Grant',28,5000000);
INSERT INTO Emp(eid, ename, age, salary) VALUES (74,'Rozanne',35,500000);
INSERT INTO Emp(eid, ename, age, salary) VALUES (75,'Rozella',40,300000);
INSERT INTO Emp(eid, ename, age, salary) VALUES (76,'Gerry',24,250000);
INSERT INTO Emp(eid, ename, age, salary) VALUES (77,'Roxie',44,750000);
INSERT INTO Emp(eid, ename, age, salary) VALUES (78,'Rozanne',29,50000);
INSERT INTO Emp(eid, ename, age, salary) VALUES (79,'Grant',49,50000);
INSERT INTO Emp(eid, ename, age, salary) VALUES (80,'Belkis',47,750000);
INSERT INTO Emp(eid, ename, age, salary) VALUES (81,'Belkis',28,50000);
INSERT INTO Emp(eid, ename, age, salary) VALUES (82,'Natalia',43,2500000);
INSERT INTO Emp(eid, ename, age, salary) VALUES (83,'Gerry',24,300000);
INSERT INTO Emp(eid, ename, age, salary) VALUES (84,'Holley',42,150000);
INSERT INTO Emp(eid, ename, age, salary) VALUES (85,'Gregg',31,500000);
INSERT INTO Emp(eid, ename, age, salary) VALUES (86,'Arlen',46,5000000);
INSERT INTO Emp(eid, ename, age, salary) VALUES (87,'Susanna',38,4000000);
INSERT INTO Emp(eid, ename, age, salary) VALUES (88,'Alice',35,50000);
INSERT INTO Emp(eid, ename, age, salary) VALUES (89,'Alfonzo',39,150000);
INSERT INTO Emp(eid, ename, age, salary) VALUES (90,'Collette',49,50000);
INSERT INTO Emp(eid, ename, age, salary) VALUES (91,'Alfonzo',32,250000);
INSERT INTO Emp(eid, ename, age, salary) VALUES (92,'Yahaira',35,300000);
INSERT INTO Emp(eid, ename, age, salary) VALUES (93,'Collette',29,300000);
INSERT INTO Emp(eid, ename, age, salary) VALUES (94,'Lucina',23,2500000);
INSERT INTO Emp(eid, ename, age, salary) VALUES (95,'Dessie',36,5000000);
INSERT INTO Emp(eid, ename, age, salary) VALUES (96,'Delena',49,150000);
INSERT INTO Emp(eid, ename, age, salary) VALUES (97,'Belkis',21,500000);
INSERT INTO Emp(eid, ename, age, salary) VALUES (98,'Natalia',45,750000);
INSERT INTO Emp(eid, ename, age, salary) VALUES (99,'Roxie',42,100000);

INSERT INTO Dept(did, budget, managerid) VALUES (0,10000000,8);
INSERT INTO Dept(did, budget, managerid) VALUES (1,20000000,14);
INSERT INTO Dept(did, budget, managerid) VALUES (2,40000000,0);
INSERT INTO Dept(did, budget, managerid) VALUES (3,50000000,10);
INSERT INTO Dept(did, budget, managerid) VALUES (4,60000000,18);
INSERT INTO Dept(did, budget, managerid) VALUES (5,10000000,15);
INSERT INTO Dept(did, budget, managerid) VALUES (6,60000000,8);
INSERT INTO Dept(did, budget, managerid) VALUES (7,60000000,1);
INSERT INTO Dept(did, budget, managerid) VALUES (8,25000000,13);
INSERT INTO Dept(did, budget, managerid) VALUES (9,30000000,6);
INSERT INTO Dept(did, budget, managerid) VALUES (10,45000000,15);
INSERT INTO Dept(did, budget, managerid) VALUES (11,35000000,6);
INSERT INTO Dept(did, budget, managerid) VALUES (12,5000000,19);
INSERT INTO Dept(did, budget, managerid) VALUES (13,15000000,3);
INSERT INTO Dept(did, budget, managerid) VALUES (14,30000000,4);
INSERT INTO Dept(did, budget, managerid) VALUES (15,45000000,2);

INSERT INTO Works(eid, did) VALUES (0,2);
INSERT INTO Works(eid, did) VALUES (0,1);
INSERT INTO Works(eid, did) VALUES (0,15);
INSERT INTO Works(eid, did) VALUES (1,7);
INSERT INTO Works(eid, did) VALUES (1,12);
INSERT INTO Works(eid, did) VALUES (2,15);
INSERT INTO Works(eid, did) VALUES (2,4);
INSERT INTO Works(eid, did) VALUES (3,13);
INSERT INTO Works(eid, did) VALUES (3,5);
INSERT INTO Works(eid, did) VALUES (4,14);
INSERT INTO Works(eid, did) VALUES (4,13);
INSERT INTO Works(eid, did) VALUES (5,4);
INSERT INTO Works(eid, did) VALUES (6,9);
INSERT INTO Works(eid, did) VALUES (6,11);
INSERT INTO Works(eid, did) VALUES (7,5);
INSERT INTO Works(eid, did) VALUES (8,6);
INSERT INTO Works(eid, did) VALUES (8,0);
INSERT INTO Works(eid, did) VALUES (8,15);
INSERT INTO Works(eid, did) VALUES (9,5);
INSERT INTO Works(eid, did) VALUES (10,3);
INSERT INTO Works(eid, did) VALUES (10,4);
INSERT INTO Works(eid, did) VALUES (11,6);
INSERT INTO Works(eid, did) VALUES (12,13);
INSERT INTO Works(eid, did) VALUES (13,8);
INSERT INTO Works(eid, did) VALUES (13,12);
INSERT INTO Works(eid, did) VALUES (14,1);
INSERT INTO Works(eid, did) VALUES (14,2);
INSERT INTO Works(eid, did) VALUES (14,7);
INSERT INTO Works(eid, did) VALUES (15,10);
INSERT INTO Works(eid, did) VALUES (15,5);
INSERT INTO Works(eid, did) VALUES (15,3);
INSERT INTO Works(eid, did) VALUES (16,15);
INSERT INTO Works(eid, did) VALUES (17,0);
INSERT INTO Works(eid, did) VALUES (18,4);
INSERT INTO Works(eid, did) VALUES (18,2);
INSERT INTO Works(eid, did) VALUES (19,12);
INSERT INTO Works(eid, did) VALUES (19,9);
INSERT INTO Works(eid, did) VALUES (20,7);
INSERT INTO Works(eid, did) VALUES (21,0);
INSERT INTO Works(eid, did) VALUES (22,6);
INSERT INTO Works(eid, did) VALUES (23,3);
INSERT INTO Works(eid, did) VALUES (24,2);
INSERT INTO Works(eid, did) VALUES (25,1);
INSERT INTO Works(eid, did) VALUES (26,13);
INSERT INTO Works(eid, did) VALUES (27,9);
INSERT INTO Works(eid, did) VALUES (28,7);
INSERT INTO Works(eid, did) VALUES (29,9);
INSERT INTO Works(eid, did) VALUES (30,7);
INSERT INTO Works(eid, did) VALUES (31,2);
INSERT INTO Works(eid, did) VALUES (32,3);
INSERT INTO Works(eid, did) VALUES (33,13);
INSERT INTO Works(eid, did) VALUES (34,9);
INSERT INTO Works(eid, did) VALUES (35,5);
INSERT INTO Works(eid, did) VALUES (36,0);
INSERT INTO Works(eid, did) VALUES (37,9);
INSERT INTO Works(eid, did) VALUES (38,2);
INSERT INTO Works(eid, did) VALUES (39,5);
INSERT INTO Works(eid, did) VALUES (40,0);
INSERT INTO Works(eid, did) VALUES (41,5);
INSERT INTO Works(eid, did) VALUES (42,13);
INSERT INTO Works(eid, did) VALUES (43,5);
INSERT INTO Works(eid, did) VALUES (44,5);
INSERT INTO Works(eid, did) VALUES (45,3);
INSERT INTO Works(eid, did) VALUES (46,0);
INSERT INTO Works(eid, did) VALUES (47,13);
INSERT INTO Works(eid, did) VALUES (48,2);
INSERT INTO Works(eid, did) VALUES (49,15);
INSERT INTO Works(eid, did) VALUES (50,7);
INSERT INTO Works(eid, did) VALUES (51,13);
INSERT INTO Works(eid, did) VALUES (52,5);
INSERT INTO Works(eid, did) VALUES (53,5);
INSERT INTO Works(eid, did) VALUES (54,10);
INSERT INTO Works(eid, did) VALUES (55,10);
INSERT INTO Works(eid, did) VALUES (56,0);
INSERT INTO Works(eid, did) VALUES (57,2);
INSERT INTO Works(eid, did) VALUES (58,7);
INSERT INTO Works(eid, did) VALUES (59,7);
INSERT INTO Works(eid, did) VALUES (60,12);
INSERT INTO Works(eid, did) VALUES (61,13);
INSERT INTO Works(eid, did) VALUES (62,7);
INSERT INTO Works(eid, did) VALUES (63,1);
INSERT INTO Works(eid, did) VALUES (64,8);
INSERT INTO Works(eid, did) VALUES (65,1);
INSERT INTO Works(eid, did) VALUES (66,12);
INSERT INTO Works(eid, did) VALUES (67,1);
INSERT INTO Works(eid, did) VALUES (68,2);
INSERT INTO Works(eid, did) VALUES (69,2);
INSERT INTO Works(eid, did) VALUES (70,12);
INSERT INTO Works(eid, did) VALUES (71,14);
INSERT INTO Works(eid, did) VALUES (72,13);
INSERT INTO Works(eid, did) VALUES (73,5);
INSERT INTO Works(eid, did) VALUES (74,12);
INSERT INTO Works(eid, did) VALUES (75,3);
INSERT INTO Works(eid, did) VALUES (76,13);
INSERT INTO Works(eid, did) VALUES (77,9);
INSERT INTO Works(eid, did) VALUES (78,15);
INSERT INTO Works(eid, did) VALUES (79,9);
INSERT INTO Works(eid, did) VALUES (80,15);
INSERT INTO Works(eid, did) VALUES (81,10);
INSERT INTO Works(eid, did) VALUES (82,5);
INSERT INTO Works(eid, did) VALUES (83,5);
INSERT INTO Works(eid, did) VALUES (84,6);
INSERT INTO Works(eid, did) VALUES (85,4);
INSERT INTO Works(eid, did) VALUES (86,7);
INSERT INTO Works(eid, did) VALUES (87,0);
INSERT INTO Works(eid, did) VALUES (88,10);
INSERT INTO Works(eid, did) VALUES (89,13);
INSERT INTO Works(eid, did) VALUES (90,3);
INSERT INTO Works(eid, did) VALUES (91,1);
INSERT INTO Works(eid, did) VALUES (92,10);
INSERT INTO Works(eid, did) VALUES (93,10);
INSERT INTO Works(eid, did) VALUES (94,3);
INSERT INTO Works(eid, did) VALUES (95,14);
INSERT INTO Works(eid, did) VALUES (96,9);
INSERT INTO Works(eid, did) VALUES (97,13);
INSERT INTO Works(eid, did) VALUES (98,12);
INSERT INTO Works(eid, did) VALUES (99,7);
